,Month,species,Colony,temp,PR,PhotosyntheticCapacity,Monthly_GSR
1,8,GALA,1,28.0380625,4.375,0.557,532.66
2,8,GALA,2,28.0380625,3.851851852,0.54,532.66
3,8,GALA,3,28.0380625,3.239130435,0.535,532.66
4,8,ACRO,1,28.0380625,3.977272727,0.672,532.66
5,8,ACRO,2,28.0380625,6,0.667,532.66
6,8,ACRO,3,28.0380625,4.641791045,0.674,532.66
7,8,MONT,1,28.0380625,1.085561497,0.578,532.66
8,8,MONT,2,28.0380625,1.112582781,0.563,532.66
9,8,MONT,3,28.0380625,1.261538462,0.553,532.66
10,8,OULA,1,28.0380625,4.133333333,0.643,532.66
11,8,OULA,2,28.0380625,4.275862069,0.577,532.66
12,8,OULA,3,28.0380625,6.615384615,0.601,532.66
13,8,POR,1,28.0380625,3.5,0.626,532.66
14,8,POR,2,28.0380625,5,0.622,532.66
15,8,POR,3,28.0380625,4.931034483,0.618,532.66
16,8,GALA,1,28.0380625,2.648148148,0.596,532.66
17,8,GALA,2,28.0380625,3.508196721,0.603,532.66
18,8,GALA,3,28.0380625,3.065217391,0.475,532.66
19,8,ACRO,1,28.0380625,4.071428571,0.674,532.66
20,8,ACRO,2,28.0380625,4.52173913,0.685,532.66
21,8,ACRO,3,28.0380625,2.436619718,0.682,532.66
22,8,MONT,1,28.0380625,0.929824561,0.574,532.66
23,8,MONT,2,28.0380625,1.14084507,0.562,532.66
24,8,MONT,3,28.0380625,1.433962264,0.559,532.66
25,8,OULA,1,28.0380625,5.25,0.626,532.66
26,8,OULA,2,28.0380625,3.903225806,0.594,532.66
27,8,OULA,3,28.0380625,5.875,0.58,532.66
28,8,POR,1,28.0380625,4.333333333,0.623,532.66
29,8,POR,2,28.0380625,5.227272727,0.617,532.66
30,8,POR,3,28.0380625,4.194444444,0.614,532.66
31,8,GALA,1,28.0380625,2.456140351,0.557,532.66
32,8,GALA,2,28.0380625,3.262295082,0.594,532.66
33,8,GALA,3,28.0380625,2.526315789,0.494,532.66
34,8,ACRO,1,28.0380625,4.486486486,0.668,532.66
35,8,ACRO,2,28.0380625,4.967213115,0.689,532.66
36,8,ACRO,3,28.0380625,2.716666667,0.691,532.66
37,8,MONT,1,28.0380625,1.184210526,0.584,532.66
38,8,MONT,2,28.0380625,1.323232323,0.57,532.66
39,8,MONT,3,28.0380625,1.738461538,0.556,532.66
40,8,OULA,1,28.0380625,5.909090909,0.625,532.66
41,8,OULA,2,28.0380625,5.958333333,0.592,532.66
42,8,OULA,3,28.0380625,5.583333333,0.59,532.66
43,8,POR,1,28.0380625,3.346153846,0.621,532.66
44,8,POR,2,28.0380625,4.928571429,0.62,532.66
45,8,POR,3,28.0380625,4.173913043,0.628,532.66
46,9,MONT,1,28.43190741,5.034482759,0.625,530
47,9,MONT,2,28.43190741,4.46875,0.616,530
48,9,MONT,3,28.43190741,4.580645161,0.637,530
49,9,OULA,1,28.43190741,2.206896552,0.639,530
50,9,OULA,2,28.43190741,3.071428571,0.64,530
51,9,OULA,3,28.43190741,3.125,0.642,530
52,9,ACRO,1,28.43190741,3.275,0.675,530
53,9,ACRO,2,28.43190741,3.461538462,0.659,530
54,9,ACRO,3,28.43190741,3.083333333,0.664,530
55,9,GALA,1,28.43190741,4.128205128,0.763,530
56,9,GALA,2,28.43190741,4.613636364,0.738,530
57,9,GALA,3,28.43190741,3.765957447,0.718,530
58,9,POR,1,28.43190741,2.2,0.532,530
59,9,POR,2,28.43190741,6.142857143,0.588,530
60,9,POR,3,28.43190741,3.888888889,0.585,530
61,9,MONT,1,28.43190741,4.060606061,0.626,530
62,9,MONT,2,28.43190741,6.076923077,0.612,530
63,9,MONT,3,28.43190741,2.264150943,0.642,530
64,9,OULA,1,28.43190741,1.92,0.64,530
65,9,OULA,2,28.43190741,2.475,0.638,530
66,9,OULA,3,28.43190741,2.882352941,0.648,530
67,9,ACRO,1,28.43190741,4.761904762,0.687,530
68,9,ACRO,2,28.43190741,3.333333333,0.667,530
69,9,ACRO,3,28.43190741,2.944444444,0.645,530
70,9,GALA,1,28.43190741,4.243243243,0.804,530
71,9,GALA,2,28.43190741,4.363636364,0.769,530
72,9,GALA,3,28.43190741,5.62962963,0.728,530
73,9,POR,1,28.43190741,3.066666667,0.53,530
74,9,POR,2,28.43190741,3.735294118,0.594,530
75,9,POR,3,28.43190741,4.961538462,0.582,530
76,9,MONT,1,28.43190741,3.25,0.621,530
77,9,MONT,2,28.43190741,3.571428571,0.623,530
78,9,MONT,3,28.43190741,1.930232558,0.638,530
79,9,OULA,1,28.43190741,2.333333333,0.643,530
80,9,OULA,2,28.43190741,2.548387097,0.637,530
81,9,OULA,3,28.43190741,2.447368421,0.639,530
82,9,ACRO,1,28.43190741,4.111111111,0.677,530
83,9,ACRO,2,28.43190741,4.285714286,0.66,530
84,9,ACRO,3,28.43190741,4.575757576,0.66,530
85,9,GALA,1,28.43190741,4.34375,0.748,530
86,9,GALA,2,28.43190741,4.45,0.738,530
87,9,GALA,3,28.43190741,4.7,0.688,530
88,9,POR,1,28.43190741,3.652173913,0.545,530
89,9,POR,2,28.43190741,4.84,0.596,530
90,9,POR,3,28.43190741,4.1875,0.58,530
91,10,ACRO,1,27.34413194,5.766233766,0.591,416
92,10,ACRO,2,27.34413194,3.738636364,0.602,416
93,10,ACRO,3,27.34413194,5.5,0.591,416
94,10,MONT,1,27.34413194,5.019607843,0.62,416
95,10,MONT,2,27.34413194,5,0.62,416
96,10,MONT,3,27.34413194,5.684210526,0.62,416
97,10,OULA,1,27.34413194,3.514285714,0.671,416
98,10,OULA,2,27.34413194,3.291666667,0.636,416
99,10,OULA,3,27.34413194,2.891891892,0.649,416
100,10,GALA,1,27.34413194,6.3,0.813,416
101,10,GALA,2,27.34413194,4.15625,0.774,416
102,10,GALA,3,27.34413194,4.05,0.752,416
103,10,POR,1,27.34413194,4.375,0.62,416
104,10,POR,2,27.34413194,3.620689655,0.629,416
105,10,POR,3,27.34413194,3.872340426,0.618,416
106,10,ACRO,1,27.34413194,4.342592593,0.588,416
107,10,ACRO,2,27.34413194,3.840909091,0.599,416
108,10,ACRO,3,27.34413194,4.611111111,0.593,416
109,10,MONT,1,27.34413194,5.097560976,0.625,416
110,10,MONT,2,27.34413194,5.127659574,0.616,416
111,10,MONT,3,27.34413194,4.891304348,0.62,416
112,10,OULA,1,27.34413194,4.590909091,0.669,416
113,10,OULA,2,27.34413194,3.416666667,0.632,416
114,10,OULA,3,27.34413194,3,0.65,416
115,10,GALA,1,27.34413194,6,0.844,416
116,10,GALA,2,27.34413194,5,0.861,416
117,10,GALA,3,27.34413194,5.85,0.776,416
118,10,POR,1,27.34413194,4.5,0.618,416
119,10,POR,2,27.34413194,4.875,0.624,416
120,10,POR,3,27.34413194,4,0.621,416
121,10,ACRO,1,27.34413194,4.831578947,0.588,416
122,10,ACRO,2,27.34413194,3.036363636,0.602,416
123,10,ACRO,3,27.34413194,4.775,0.592,416
124,10,MONT,1,27.34413194,4.822222222,0.616,416
125,10,MONT,2,27.34413194,4.979166667,0.63,416
126,10,MONT,3,27.34413194,5.1,0.617,416
127,10,OULA,1,27.34413194,3.695652174,0.671,416
128,10,OULA,2,27.34413194,4.785714286,0.63,416
129,10,OULA,3,27.34413194,3.807692308,0.656,416
130,10,GALA,1,27.34413194,5.909090909,0.885,416
131,10,GALA,2,27.34413194,5.958333333,0.855,416
132,10,GALA,3,27.34413194,5.583333333,0.723,416
133,10,POR,1,27.34413194,3.346153846,0.619,416
134,10,POR,2,27.34413194,4.928571429,0.641,416
135,10,POR,3,27.34413194,4.173913043,0.622,416
136,11,GALA,1,25.96847396,6.516129032,0.828,351
137,11,GALA,2,25.96847396,7.655172414,0.846,351
138,11,GALA,3,25.96847396,7.717948718,0.924,351
139,11,POR,1,25.96847396,4.384615385,0.608,351
140,11,POR,2,25.96847396,3.695652174,0.662,351
141,11,POR,3,25.96847396,3.807692308,0.643,351
142,11,OULA,1,25.96847396,3.058823529,0.636,351
143,11,OULA,2,25.96847396,4.208333333,0.632,351
144,11,OULA,3,25.96847396,4.361111111,0.57,351
145,11,MONT,1,25.96847396,1.877192982,0.549,351
146,11,MONT,2,25.96847396,2.359375,0.546,351
147,11,MONT,3,25.96847396,1.944444444,0.493,351
148,11,ACRO,1,25.96847396,4.759036145,0.683,351
149,11,ACRO,2,25.96847396,5.416666667,0.625,351
150,11,ACRO,3,25.96847396,5.246376812,0.608,351
151,11,GALA,1,25.96847396,8.16,0.943,351
152,11,GALA,2,25.96847396,6.555555556,0.85,351
153,11,GALA,3,25.96847396,7.65,0.88,351
154,11,POR,1,25.96847396,2.892857143,0.631,351
155,11,POR,2,25.96847396,3.542857143,0.649,351
156,11,POR,3,25.96847396,3.161290323,0.606,351
157,11,OULA,1,25.96847396,2.761904762,0.638,351
158,11,OULA,2,25.96847396,3.633333333,0.65,351
159,11,OULA,3,25.96847396,3.083333333,0.564,351
160,11,MONT,1,25.96847396,1.75,0.584,351
161,11,MONT,2,25.96847396,2.388059701,0.598,351
162,11,MONT,3,25.96847396,2.540540541,0.589,351
163,11,ACRO,1,25.96847396,4.1875,0.683,351
164,11,ACRO,2,25.96847396,4.235294118,0.628,351
165,11,ACRO,3,25.96847396,4.85483871,0.614,351
166,11,GALA,1,25.96847396,4.955555556,0.799,351
167,11,GALA,2,25.96847396,7.475,0.693,351
168,11,GALA,3,25.96847396,7.363636364,0.782,351
169,11,POR,1,25.96847396,3.666666667,0.608,351
170,11,POR,2,25.96847396,4.064516129,0.654,351
171,11,POR,3,25.96847396,4.411764706,0.64,351
172,11,OULA,1,25.96847396,3.8,0.633,351
173,11,OULA,2,25.96847396,4.363636364,0.638,351
174,11,OULA,3,25.96847396,4.368421053,0.567,351
175,11,MONT,1,25.96847396,1.816666667,0.591,351
176,11,MONT,2,25.96847396,2.448275862,0.619,351
177,11,MONT,3,25.96847396,1.927272727,0.534,351
178,11,ACRO,1,25.96847396,6.045454545,0.684,351
179,11,ACRO,2,25.96847396,5.623529412,0.622,351
180,11,ACRO,3,25.96847396,6.50877193,0.611,351
181,12,GALA,1,21.35303526,7,0.69,245
182,12,GALA,2,21.35303526,9.133333333,0.919,245
183,12,GALA,3,21.35303526,6.55,0.819,245
184,12,POR,1,21.35303526,2.631578947,0.556,245
185,12,POR,2,21.35303526,3,0.604,245
186,12,POR,3,21.35303526,3.363636364,0.587,245
187,12,OULA,1,21.35303526,1.285714286,0.616,245
188,12,OULA,2,21.35303526,1.977777778,0.734,245
189,12,OULA,3,21.35303526,1.673469388,0.567,245
190,12,MONT,1,21.35303526,4.243243243,0.53,245
191,12,MONT,2,21.35303526,4.222222222,0.496,245
192,12,MONT,3,21.35303526,4.571428571,0.589,245
193,12,ACRO,1,21.35303526,5.321428571,0.719,245
194,12,ACRO,2,21.35303526,5.52173913,0.687,245
195,12,ACRO,3,21.35303526,8,0.619,245
196,12,GALA,1,21.35303526,5.428571429,0.601,245
197,12,GALA,2,21.35303526,6.822222222,0.902,245
198,12,GALA,3,21.35303526,6.317073171,0.571,245
199,12,POR,1,21.35303526,3.44,0.546,245
200,12,POR,2,21.35303526,3.818181818,0.589,245
201,12,POR,3,21.35303526,3.962962963,0.598,245
202,12,OULA,1,21.35303526,0.677419355,0.679,245
203,12,OULA,2,21.35303526,2.133333333,0.632,245
204,12,OULA,3,21.35303526,1.666666667,0.534,245
205,12,MONT,1,21.35303526,4.448275862,0.572,245
206,12,MONT,2,21.35303526,4.093023256,0.519,245
207,12,MONT,3,21.35303526,4.320754717,0.493,245
208,12,ACRO,1,21.35303526,7.266666667,0.795,245
209,12,ACRO,2,21.35303526,7.2,0.613,245
210,12,ACRO,3,21.35303526,5.909090909,0.701,245
211,12,GALA,1,21.35303526,5.87804878,0.842,245
212,12,GALA,2,21.35303526,5.941176471,0.569,245
213,12,GALA,3,21.35303526,5.814814815,0.881,245
214,12,POR,1,21.35303526,3.36,0.55,245
215,12,POR,2,21.35303526,4.5,0.59,245
216,12,POR,3,21.35303526,4.8,0.582,245
217,12,OULA,1,21.35303526,1.181818182,0.715,245
218,12,OULA,2,21.35303526,2.777777778,0.74,245
219,12,OULA,3,21.35303526,1.931034483,0.617,245
220,12,MONT,1,21.35303526,4.233333333,0.566,245
221,12,MONT,2,21.35303526,4.553191489,0.49,245
222,12,MONT,3,21.35303526,3.942857143,0.547,245
223,12,ACRO,1,21.35303526,5.230769231,0.689,245
224,12,ACRO,2,21.35303526,4.814814815,0.697,245
225,12,ACRO,3,21.35303526,5.88,0.647,245
226,1,GALA,1,17.93644848,3.557692308,0.562,222
227,1,GALA,2,17.93644848,3.727272727,0.6,222
228,1,GALA,3,17.93644848,3.851851852,0.615,222
229,1,MONT,1,17.93644848,3.5625,0.587,222
230,1,MONT,2,17.93644848,3.541666667,0.518,222
231,1,MONT,3,17.93644848,2.828571429,0.572,222
232,1,OULA,1,17.93644848,1.857142857,0.643,222
233,1,OULA,2,17.93644848,1.666666667,0.675,222
234,1,OULA,3,17.93644848,1.166666667,0.649,222
235,1,ACRO,1,17.93644848,2.909090909,0.71,222
236,1,ACRO,2,17.93644848,4.823529412,0.684,222
237,1,ACRO,3,17.93644848,6.142857143,0.712,222
238,1,POR,1,17.93644848,1.8,0.547,222
239,1,POR,2,17.93644848,2.869565217,0.603,222
240,1,POR,3,17.93644848,2.631578947,0.581,222
241,1,GALA,1,17.93644848,4.35,0.579,222
242,1,GALA,2,17.93644848,6.161290323,0.547,222
243,1,GALA,3,17.93644848,5.818181818,0.637,222
244,1,MONT,1,17.93644848,2.395348837,0.599,222
245,1,MONT,2,17.93644848,1.982758621,0.575,222
246,1,MONT,3,17.93644848,3.032258065,0.614,222
247,1,OULA,1,17.93644848,2.555555556,0.699,222
248,1,OULA,2,17.93644848,2,0.686,222
249,1,OULA,3,17.93644848,1.3,0.586,222
250,1,ACRO,1,17.93644848,3.947368421,0.752,222
251,1,ACRO,2,17.93644848,2.739130435,0.636,222
252,1,ACRO,3,17.93644848,4,0.689,222
253,1,POR,1,17.93644848,2.120689655,0.548,222
254,1,POR,2,17.93644848,2.4,0.594,222
255,1,POR,3,17.93644848,3.333333333,0.59,222
256,1,GALA,1,17.93644848,4.428571429,0.693,222
257,1,GALA,2,17.93644848,4.382978723,0.475,222
258,1,GALA,3,17.93644848,4.897435897,0.585,222
259,1,MONT,1,17.93644848,2.5,0.602,222
260,1,MONT,2,17.93644848,2.8,0.586,222
261,1,MONT,3,17.93644848,2.225,0.462,222
262,1,OULA,1,17.93644848,1.517241379,0.541,222
263,1,OULA,2,17.93644848,1.680851064,0.706,222
264,1,OULA,3,17.93644848,3.5,0.57,222
265,1,ACRO,1,17.93644848,2.193548387,0.789,222
266,1,ACRO,2,17.93644848,3.470588235,0.72,222
267,1,ACRO,3,17.93644848,3.380952381,0.704,222
268,1,POR,1,17.93644848,1.368421053,0.533,222
269,1,POR,2,17.93644848,3.5,0.584,222
270,1,POR,3,17.93644848,3.111111111,0.586,222
271,2,GALA,1,15.8951772,4.75,0.601,309
272,2,GALA,2,15.8951772,5.1,0.539,309
273,2,GALA,3,15.8951772,6.153846154,0.532,309
274,2,MONT,1,15.8951772,1.950617284,0.619,309
275,2,MONT,2,15.8951772,4.577777778,0.499,309
276,2,MONT,3,15.8951772,3.164179104,0.534,309
277,2,OULA,1,15.8951772,2.15625,0.752,309
278,2,OULA,2,15.8951772,2.70212766,0.682,309
279,2,OULA,3,15.8951772,3.526315789,0.543,309
280,2,ACRO,1,15.8951772,8.678571429,0.713,309
281,2,ACRO,2,15.8951772,5.857142857,0.66,309
282,2,ACRO,3,15.8951772,6.184210526,0.65,309
283,2,POR,1,15.8951772,3.615384615,0.661,309
284,2,POR,2,15.8951772,4.647058824,0.588,309
285,2,POR,3,15.8951772,5.666666667,0.58,309
286,2,GALA,1,15.8951772,5.304347826,0.623,309
287,2,GALA,2,15.8951772,4.093023256,0.547,309
288,2,GALA,3,15.8951772,5.304347826,0.533,309
289,2,MONT,1,15.8951772,3.391304348,0.529,309
290,2,MONT,2,15.8951772,3.389830508,0.532,309
291,2,MONT,3,15.8951772,3.654545455,0.531,309
292,2,OULA,1,15.8951772,1.4,0.706,309
293,2,OULA,2,15.8951772,3.096774194,0.695,309
294,2,OULA,3,15.8951772,2.409090909,0.667,309
295,2,ACRO,1,15.8951772,6.6,0.781,309
296,2,ACRO,2,15.8951772,6.244444444,0.657,309
297,2,ACRO,3,15.8951772,5.813953488,0.667,309
298,2,POR,1,15.8951772,2.25,0.617,309
299,2,POR,2,15.8951772,2.805555556,0.562,309
300,2,POR,3,15.8951772,3.607142857,0.538,309
301,2,GALA,1,15.8951772,4.459459459,0.589,309
302,2,GALA,2,15.8951772,5.379310345,0.549,309
303,2,GALA,3,15.8951772,6.55,0.545,309
304,2,MONT,1,15.8951772,4.793103448,0.59,309
305,2,MONT,2,15.8951772,3.84375,0.556,309
306,2,MONT,3,15.8951772,3.915254237,0.59,309
307,2,OULA,1,15.8951772,1.47761194,0.664,309
308,2,OULA,2,15.8951772,2,0.694,309
309,2,OULA,3,15.8951772,1.486486486,0.629,309
310,2,ACRO,1,15.8951772,8.392857143,0.658,309
311,2,ACRO,2,15.8951772,7.048780488,0.667,309
312,2,ACRO,3,15.8951772,5.479166667,0.671,309
313,2,POR,1,15.8951772,1.970588235,0.619,309
314,2,POR,2,15.8951772,2.5,0.563,309
315,2,POR,3,15.8951772,3.032258065,0.525,309
316,3,GALA,1,17.38525314,3.132075472,0.551,297
317,3,GALA,2,17.38525314,4.27027027,0.347,297
318,3,GALA,3,17.38525314,7.85,0.617,297
319,3,MONT,1,17.38525314,2.951219512,0.67,297
320,3,MONT,2,17.38525314,5,0.618,297
321,3,MONT,3,17.38525314,4.139534884,0.614,297
322,3,OULA,1,17.38525314,1.161290323,0.63,297
323,3,OULA,2,17.38525314,1.961538462,0.637,297
324,3,OULA,3,17.38525314,1.234042553,0.642,297
325,3,ACRO,1,17.38525314,7.84375,0.707,297
326,3,ACRO,2,17.38525314,6.078431373,0.688,297
327,3,ACRO,3,17.38525314,7.545454545,0.621,297
328,3,POR,1,17.38525314,1.769230769,0.625,297
329,3,POR,2,17.38525314,2.714285714,0.625,297
330,3,POR,3,17.38525314,2.03030303,0.621,297
331,3,GALA,1,17.38525314,4.375,0.444,297
332,3,GALA,2,17.38525314,6.227272727,0.553,297
333,3,GALA,3,17.38525314,4.96,0.483,297
334,3,MONT,1,17.38525314,3.763157895,0.628,297
335,3,MONT,2,17.38525314,3.928571429,0.716,297
336,3,MONT,3,17.38525314,3.745098039,0.669,297
337,3,OULA,1,17.38525314,1.71875,0.632,297
338,3,OULA,2,17.38525314,2.333333333,0.641,297
339,3,OULA,3,17.38525314,2.538461538,0.65,297
340,3,ACRO,1,17.38525314,6.214285714,0.705,297
341,3,ACRO,2,17.38525314,7.257142857,0.753,297
342,3,ACRO,3,17.38525314,6.580645161,0.723,297
343,3,POR,1,17.38525314,2.103448276,0.624,297
344,3,POR,2,17.38525314,2.8,0.621,297
345,3,POR,3,17.38525314,3,0.619,297
346,3,GALA,1,17.38525314,7.347826087,0.647,297
347,3,GALA,2,17.38525314,6.576923077,0.672,297
348,3,GALA,3,17.38525314,5.206896552,0.675,297
349,3,MONT,1,17.38525314,3.613636364,0.679,297
350,3,MONT,2,17.38525314,5.282051282,0.622,297
351,3,MONT,3,17.38525314,2.893939394,0.606,297
352,3,OULA,1,17.38525314,2,0.627,297
353,3,OULA,2,17.38525314,3.65625,0.649,297
354,3,OULA,3,17.38525314,2.894736842,0.655,297
355,3,ACRO,1,17.38525314,8.6,0.721,297
356,3,ACRO,2,17.38525314,8.310344828,0.758,297
357,3,ACRO,3,17.38525314,6.216216216,0.735,297
358,3,POR,1,17.38525314,2.242424242,0.628,297
359,3,POR,2,17.38525314,2.355555556,0.621,297
360,3,POR,3,17.38525314,3.9375,0.612,297
361,4,ACRO,1,21.20165972,10.19047619,0.712,282
362,4,ACRO,2,21.20165972,10.13043478,0.724,282
363,4,ACRO,3,21.20165972,10.88888889,0.733,282
364,4,MONT,1,21.20165972,3.452380952,0.645,282
365,4,MONT,2,21.20165972,4.4,0.655,282
366,4,MONT,3,21.20165972,4.55,0.594,282
367,4,OULA,1,21.20165972,1.571428571,0.653,282
368,4,OULA,2,21.20165972,2.278688525,0.666,282
369,4,OULA,3,21.20165972,1.956521739,0.58,282
370,4,POR,1,21.20165972,4.428571429,0.62,282
371,4,POR,2,21.20165972,3.615384615,0.656,282
372,4,POR,3,21.20165972,3.529411765,0.612,282
373,4,GALA,1,21.20165972,5.62962963,0.726,282
374,4,GALA,2,21.20165972,5.913043478,0.709,282
375,4,GALA,3,21.20165972,6.681818182,0.661,282
376,4,ACRO,1,21.20165972,10.25,0.705,282
377,4,ACRO,2,21.20165972,10.39130435,0.626,282
378,4,ACRO,3,21.20165972,9.95,0.582,282
379,4,MONT,1,21.20165972,4.222222222,0.666,282
380,4,MONT,2,21.20165972,4.306122449,0.59,282
381,4,MONT,3,21.20165972,5.033333333,0.521,282
382,4,OULA,1,21.20165972,1.627118644,0.607,282
383,4,OULA,2,21.20165972,1.575,0.715,282
384,4,OULA,3,21.20165972,1.386363636,0.514,282
385,4,POR,1,21.20165972,3.947368421,0.618,282
386,4,POR,2,21.20165972,3.368421053,0.645,282
387,4,POR,3,21.20165972,4.64,0.613,282
388,4,GALA,1,21.20165972,6.107142857,0.752,282
389,4,GALA,2,21.20165972,5.333333333,0.75,282
390,4,GALA,3,21.20165972,6.72,0.63,282
391,4,ACRO,1,21.20165972,9.636363636,0.735,282
392,4,ACRO,2,21.20165972,7.588235294,0.654,282
393,4,ACRO,3,21.20165972,8,0.703,282
394,4,MONT,1,21.20165972,3.838709677,0.663,282
395,4,MONT,2,21.20165972,5,0.688,282
396,4,MONT,3,21.20165972,5.181818182,0.689,282
397,4,OULA,1,21.20165972,1.457142857,0.628,282
398,4,OULA,2,21.20165972,2.438356164,0.749,282
399,4,OULA,3,21.20165972,2.085106383,0.678,282
400,4,POR,1,21.20165972,4.5,0.597,282
401,4,POR,2,21.20165972,2.52,0.652,282
402,4,POR,3,21.20165972,3.222222222,0.618,282
403,4,GALA,1,21.20165972,5,0.698,282
404,4,GALA,2,21.20165972,5.72,0.646,282
405,4,GALA,3,21.20165972,6.85,0.63,282
406,5,ACRO,1,25.5532,4.928571429,0.644,458
407,5,ACRO,2,25.5532,6.833333333,0.738,458
408,5,ACRO,3,25.5532,8.235294118,0.7,458
409,5,MONT,1,25.5532,2.5,0.727,458
410,5,MONT,2,25.5532,3.4,0.745,458
411,5,MONT,3,25.5532,7.689655172,0.656,458
412,5,OULA,1,25.5532,2.041666667,0.711,458
413,5,OULA,2,25.5532,3.073170732,0.795,458
414,5,OULA,3,25.5532,1.888888889,0.682,458
415,5,POR,1,25.5532,3.130434783,0.649,458
416,5,POR,2,25.5532,3.375,0.587,458
417,5,POR,3,25.5532,4,0.534,458
418,5,GALA,1,25.5532,3.974358974,0.728,458
419,5,GALA,2,25.5532,4.125,0.647,458
420,5,GALA,3,25.5532,8.333333333,0.672,458
421,5,ACRO,1,25.5532,5.851851852,0.711,458
422,5,ACRO,2,25.5532,5.894736842,0.692,458
423,5,ACRO,3,25.5532,7.714285714,0.631,458
424,5,MONT,1,25.5532,4.612903226,0.702,458
425,5,MONT,2,25.5532,3.853658537,0.738,458
426,5,MONT,3,25.5532,4.309090909,0.673,458
427,5,OULA,1,25.5532,1.575,0.742,458
428,5,OULA,2,25.5532,3.315789474,0.686,458
429,5,OULA,3,25.5532,1.970588235,0.586,458
430,5,POR,1,25.5532,4.647058824,0.619,458
431,5,POR,2,25.5532,4.419354839,0.56,458
432,5,POR,3,25.5532,4.357142857,0.533,458
433,5,GALA,1,25.5532,5.25,0.592,458
434,5,GALA,2,25.5532,4.631578947,0.592,458
435,5,GALA,3,25.5532,5.708333333,0.622,458
436,5,ACRO,1,25.5532,5.964285714,0.796,458
437,5,ACRO,2,25.5532,6.227272727,0.747,458
438,5,ACRO,3,25.5532,8.5,0.75,458
439,5,MONT,1,25.5532,4.657142857,0.749,458
440,5,MONT,2,25.5532,4.355555556,0.741,458
441,5,MONT,3,25.5532,5.377777778,0.611,458
442,5,OULA,1,25.5532,1.325581395,0.645,458
443,5,OULA,2,25.5532,2.780487805,0.764,458
444,5,OULA,3,25.5532,3.75,0.649,458
445,5,POR,1,25.5532,3.076923077,0.66,458
446,5,POR,2,25.5532,3.555555556,0.579,458
447,5,POR,3,25.5532,5.217391304,0.54,458
448,5,GALA,1,25.5532,4.476190476,0.694,458
449,5,GALA,2,25.5532,3.783783784,0.622,458
450,5,GALA,3,25.5532,8,0.62,458
451,6,ACRO,1,28.412,5.304347826,0.6,535
452,6,ACRO,2,28.412,6.75,0.598,535
453,6,ACRO,3,28.412,4.460526316,0.58,535
454,6,MONT,1,28.412,4.405405405,0.696,535
455,6,MONT,2,28.412,3.555555556,0.74,535
456,6,MONT,3,28.412,4.625,0.646,535
457,6,OULA,1,28.412,3.947368421,0.699,535
458,6,OULA,2,28.412,4.131578947,0.738,535
459,6,OULA,3,28.412,4.735294118,0.595,535
460,6,POR,1,28.412,3.744186047,0.688,535
461,6,POR,2,28.412,3.176470588,0.794,535
462,6,POR,3,28.412,3.061538462,0.678,535
463,6,GALA,1,28.412,3.903614458,0.646,535
464,6,GALA,2,28.412,4.074074074,0.589,535
465,6,GALA,3,28.412,3.258064516,0.454,535
466,6,ACRO,1,28.412,6.853932584,0.623,535
467,6,ACRO,2,28.412,6.173913043,0.629,535
468,6,ACRO,3,28.412,5.338709677,0.596,535
469,6,MONT,1,28.412,3.102564103,0.709,535
470,6,MONT,2,28.412,4.214285714,0.591,535
471,6,MONT,3,28.412,4.666666667,0.593,535
472,6,OULA,1,28.412,2.523809524,0.751,535
473,6,OULA,2,28.412,2.111111111,0.778,535
474,6,OULA,3,28.412,3.909090909,0.606,535
475,6,POR,1,28.412,3.403225806,0.705,535
476,6,POR,2,28.412,3.741935484,0.751,535
477,6,POR,3,28.412,4.170731707,0.622,535
478,6,GALA,1,28.412,3.765217391,0.653,535
479,6,GALA,2,28.412,4.1,0.508,535
480,6,GALA,3,28.412,3.118518519,0.408,535
481,6,ACRO,1,28.412,3.925,0.62,535
482,6,ACRO,2,28.412,6.333333333,0.586,535
483,6,ACRO,3,28.412,7.764705882,0.618,535
484,6,MONT,1,28.412,2.660714286,0.637,535
485,6,MONT,2,28.412,3.964285714,0.736,535
486,6,MONT,3,28.412,4.914285714,0.696,535
487,6,OULA,1,28.412,1.75,0.622,535
488,6,OULA,2,28.412,2.045454545,0.764,535
489,6,OULA,3,28.412,3.72,0.694,535
490,6,POR,1,28.412,3.320512821,0.623,535
491,6,POR,2,28.412,2.838709677,0.72,535
492,6,POR,3,28.412,3.129032258,0.611,535
493,6,GALA,1,28.412,4.263157895,0.622,535
494,6,GALA,2,28.412,4.348314607,0.61,535
495,6,GALA,3,28.412,3.542857143,0.654,535
496,7,ACRO,1,30.3912,4.893333333,0.572,604
497,7,ACRO,2,30.3912,4.352657005,0.604,604
498,7,ACRO,3,30.3912,3.117073171,0.614,604
499,7,MONT,1,30.3912,3.775862069,0.627,604
500,7,MONT,2,30.3912,2.393939394,0.717,604
501,7,MONT,3,30.3912,2.525252525,0.667,604
502,7,OULA,1,30.3912,6.6,0.764,604
503,7,OULA,2,30.3912,4.216216216,0.728,604
504,7,OULA,3,30.3912,3.583333333,0.708,604
505,7,POR,1,30.3912,5.2,0.59,604
506,7,POR,2,30.3912,3.333333333,0.811,604
507,7,POR,3,30.3912,4.153846154,0.639,604
508,7,GALA,1,30.3912,3.989010989,0.6,604
509,7,GALA,2,30.3912,3.95959596,0.666,604
510,7,GALA,3,30.3912,3.695652174,0.431,604
511,7,ACRO,1,30.3912,3.256,0.591,604
512,7,ACRO,2,30.3912,6.130434783,0.605,604
513,7,ACRO,3,30.3912,1.551181102,0.601,604
514,7,MONT,1,30.3912,2.820512821,0.674,604
515,7,MONT,2,30.3912,4.583333333,0.663,604
516,7,MONT,3,30.3912,2.107692308,0.598,604
517,7,OULA,1,30.3912,3.785714286,0.679,604
518,7,OULA,2,30.3912,4.720930233,0.713,604
519,7,OULA,3,30.3912,4.363636364,0.691,604
520,7,POR,1,30.3912,3.142857143,0.765,604
521,7,POR,2,30.3912,4.947368421,0.814,604
522,7,POR,3,30.3912,6.055555556,0.588,604
523,7,GALA,1,30.3912,4.041666667,0.632,604
524,7,GALA,2,30.3912,1.911764706,0.58,604
525,7,GALA,3,30.3912,3.070175439,0.615,604
526,7,ACRO,1,30.3912,6.45,0.572,604
527,7,ACRO,2,30.3912,4.184210526,0.64,604
528,7,ACRO,3,30.3912,3.585714286,0.622,604
529,7,MONT,1,30.3912,2.972222222,0.579,604
530,7,MONT,2,30.3912,1.816666667,0.656,604
531,7,MONT,3,30.3912,2.125,0.661,604
532,7,OULA,1,30.3912,3.75,0.647,604
533,7,OULA,2,30.3912,4.888888889,0.71,604
534,7,OULA,3,30.3912,4.945945946,0.691,604
535,7,POR,1,30.3912,4.603174603,0.635,604
536,7,POR,2,30.3912,4.898305085,0.79,604
537,7,POR,3,30.3912,5.428571429,0.687,604
538,7,GALA,1,30.3912,4.046052632,0.594,604
539,7,GALA,2,30.3912,4.725925926,0.572,604
540,7,GALA,3,30.3912,2.081818182,0.556,604
541,8,ACRO,1,30.0067,3.788617886,0.566,452
542,8,ACRO,2,30.0067,4.536082474,0.589,452
543,8,ACRO,3,30.0067,3.598484848,0.57,452
544,8,MONT,1,30.0067,2.605263158,0.528,452
545,8,MONT,2,30.0067,2.391752577,0.485,452
546,8,MONT,3,30.0067,2.28358209,0.549,452
547,8,OULA,1,30.0067,2,0.756,452
548,8,OULA,2,30.0067,3.15,0.75,452
549,8,OULA,3,30.0067,3.64,0.674,452
550,8,POR,1,30.0067,4.580645161,0.682,452
551,8,POR,2,30.0067,5.275862069,0.748,452
552,8,POR,3,30.0067,5.733333333,0.739,452
553,8,GALA,1,30.0067,3,0.558,452
554,8,GALA,2,30.0067,2.291666667,0.59,452
555,8,GALA,3,30.0067,2.945945946,0.553,452
556,8,ACRO,1,30.0067,4.148148148,0.551,452
557,8,ACRO,2,30.0067,3.2,0.602,452
558,8,ACRO,3,30.0067,4.177777778,0.617,452
559,8,MONT,1,30.0067,1.483870968,0.587,452
560,8,MONT,2,30.0067,3.380952381,0.546,452
561,8,MONT,3,30.0067,2.056338028,0.569,452
562,8,OULA,1,30.0067,3.238095238,0.711,452
563,8,OULA,2,30.0067,2,0.67,452
564,8,OULA,3,30.0067,2.35483871,0.68,452
565,8,POR,1,30.0067,3.518518519,0.616,452
566,8,POR,2,30.0067,6.875,0.768,452
567,8,POR,3,30.0067,5.375,0.673,452
568,8,GALA,1,30.0067,3.04,0.504,452
569,8,GALA,2,30.0067,2.042253521,0.582,452
570,8,GALA,3,30.0067,2.479591837,0.633,452
571,8,ACRO,1,30.0067,3.739130435,0.54,452
572,8,ACRO,2,30.0067,3.214285714,0.635,452
573,8,ACRO,3,30.0067,3.62,0.62,452
574,8,MONT,1,30.0067,1.152777778,0.613,452
575,8,MONT,2,30.0067,2.161904762,0.561,452
576,8,MONT,3,30.0067,1.873417722,0.534,452
577,8,OULA,1,30.0067,4.307692308,0.78,452
578,8,OULA,2,30.0067,1.706896552,0.755,452
579,8,OULA,3,30.0067,2.435897436,0.588,452
580,8,POR,1,30.0067,3.771428571,0.689,452
581,8,POR,2,30.0067,4.285714286,0.8,452
582,8,POR,3,30.0067,6.925925926,0.616,452
583,8,GALA,1,30.0067,1.76056338,0.472,452
584,8,GALA,2,30.0067,1.826086957,0.584,452
585,8,GALA,3,30.0067,2.71641791,0.652,452